City_ID,City,Lat,Lng,Max Temp,Humidity,Cloudiness,Wind Speed,Country,Date
0,kingsland,30.8,-81.6898,27.74000000000001,91,26,1.59,US,1689836931
1,adamstown,-25.066,-130.1015,22.660000000000025,78,100,12.23,PN,1689836980
2,port saint john's,-31.6229,29.5448,13.350000000000023,68,73,6.62,ZA,1689836980
3,invercargill,-46.4,168.35,4.470000000000027,78,4,4.57,NZ,1689836980
4,ribeira grande,38.5167,-28.7,20.430000000000007,94,75,3.6,PT,1689836981
5,tura,25.5198,90.2201,31.33000000000004,70,66,2.66,IN,1689836981
6,mount gambier,-37.8333,140.7667,9.740000000000009,77,61,5.03,AU,1689836981
7,blackmans bay,-43.0167,147.3167,11.07000000000005,75,77,5.56,AU,1689836981
8,calabozo,8.9242,-67.4293,22.900000000000034,96,100,0.51,VE,1689836981
9,ugoofaaru,5.6667,73.0,28.340000000000032,79,100,6.38,MV,1689836982
10,albany,42.6001,-73.9662,17.460000000000036,84,31,1.53,US,1689836331
11,charters towers,-20.1,146.2667,24.590000000000032,34,33,2.48,AU,1689836982
12,yellowknife,62.456,-114.3525,19.200000000000045,63,91,2.24,CA,1689836982
13,karratha,-20.7377,116.8463,26.720000000000027,28,84,4.61,AU,1689836983
14,xilin hot,43.9667,116.0333,26.53000000000003,46,100,1.78,CN,1689836983
15,jamestown,42.097,-79.2353,15.400000000000034,87,0,0.45,US,1689836733
16,carutapera,-1.195,-46.02,24.010000000000048,93,10,2.22,BR,1689836983
17,hammerfest,70.6634,23.6821,9.25,87,75,4.12,NO,1689836984
18,bayganin,48.6947,55.8742,23.0,63,100,7.74,KZ,1689836984
19,grytviken,-54.2811,-36.5092,-5.3700000000000045,75,11,5.1,GS,1689836984
20,georgetown,5.4112,100.3354,30.660000000000025,97,20,3.09,MY,1689836806
21,ushuaia,-54.8,-68.3,-3.6200000000000045,94,98,1.27,AR,1689836985
22,iqaluit,63.7506,-68.5145,3.8500000000000227,100,100,2.06,CA,1689836985
23,waitangi,-43.9535,-176.5597,8.79000000000002,91,56,1.34,NZ,1689836985
24,smithers,54.7804,-127.1743,16.560000000000002,74,85,0.28,CA,1689836985
25,hermanus,-34.4187,19.2345,6.560000000000002,70,93,5.21,ZA,1689836986
26,daigo,36.7667,140.35,22.840000000000032,88,99,2.33,JP,1689836986
27,newman,37.3138,-121.0208,22.99000000000001,47,0,2.48,US,1689836986
28,keflavik,64.0049,-22.5624,11.240000000000009,93,0,2.57,IS,1689836987
29,andovoranto,-18.95,49.1,23.870000000000005,70,3,1.51,MG,1689836987
30,kerikeri,-35.2268,173.9474,14.390000000000043,94,100,2.68,NZ,1689836988
31,talnakh,69.4865,88.3972,19.700000000000045,64,84,4.54,RU,1689836988
32,alice springs,-23.7,133.8833,22.75,27,40,3.6,AU,1689836988
33,fale old settlement,-9.3852,-171.2468,28.58000000000004,77,12,6.36,TK,1689836988
34,talara,-4.5772,-81.2719,22.07000000000005,81,0,7.29,PE,1689836989
35,kenai,60.5544,-151.2583,13.050000000000011,98,100,0.0,US,1689836989
36,port-aux-francais,-49.35,70.2167,6.03000000000003,87,99,20.17,TF,1689836989
37,micco,27.8806,-80.5003,28.010000000000048,93,100,2.49,US,1689836989
38,udachny,66.4167,112.4,21.360000000000014,42,100,5.51,RU,1689836990
39,kruisfontein,-34.0033,24.7314,8.82000000000005,69,99,2.3,ZA,1689836990
40,chonchi,-42.6128,-73.8092,11.560000000000002,96,100,3.24,CL,1689836990
41,hamilton,39.1834,-84.5333,23.0,94,0,0.0,US,1689836784
42,khandela,27.6,75.5,35.10000000000002,46,38,3.58,IN,1689836990
43,port elizabeth,-33.918,25.5701,10.050000000000011,64,48,4.83,ZA,1689836991
44,kindu,-2.95,25.95,24.379999999999995,66,100,0.33,CD,1689836991
45,kiunga,-6.1219,141.2906,26.879999999999995,78,100,1.09,PG,1689836991
46,happy valley-goose bay,53.3168,-60.3315,15.800000000000011,96,19,2.52,CA,1689836992
47,gurupa,-1.405,-51.64,22.879999999999995,95,42,0.96,BR,1689836992
48,whitehorse,60.7161,-135.0538,16.560000000000002,43,59,0.45,CA,1689836992
49,villamontes,-21.25,-63.5,9.82000000000005,80,0,1.82,BO,1689836992
50,yerofey pavlovich,53.9667,121.9667,22.82000000000005,32,6,4.12,RU,1689836992
51,west island,-12.1568,96.8225,26.99000000000001,69,40,6.17,CC,1689836993
52,kushiro,42.975,144.3747,17.24000000000001,88,50,3.32,JP,1689836993
53,polyarnyy,69.1989,33.4478,11.07000000000005,92,100,9.94,RU,1689836993
54,edinburgh of the seven seas,-37.0676,-12.3116,12.460000000000036,70,53,9.54,SH,1689836993
55,lihue,21.9789,-159.3672,27.58000000000004,85,100,8.75,US,1689836994
56,cabedelo,-6.9811,-34.8339,22.370000000000005,74,6,6.78,BR,1689836994
57,labytnangi,66.6572,66.4183,26.200000000000045,52,83,4.34,RU,1689836994
58,serdar,38.9764,56.2757,34.110000000000014,19,0,5.69,TM,1689836994
59,ilulissat,69.2167,-51.1,7.010000000000048,100,100,3.09,GL,1689836995
60,alaghsas,17.0187,8.0168,31.689999999999998,44,43,9.32,NE,1689836995
61,isafjordur,66.0755,-23.124,9.520000000000039,79,97,0.58,IS,1689836995
62,gilroy,37.0058,-121.5683,17.32000000000005,85,75,1.54,US,1689836995
63,morshansk,53.4435,41.8107,18.960000000000036,63,14,6.12,RU,1689836996
64,new plymouth,-39.0667,174.0833,13.78000000000003,73,100,6.2,NZ,1689836847
65,papatowai,-46.5619,169.4708,4.78000000000003,74,1,4.53,NZ,1689836996
66,reggane,26.7158,0.1714,36.25,11,0,7.37,DZ,1689836996
67,ngereklmadel,7.4883,134.4856,30.05000000000001,74,75,4.12,PW,1689836997
68,maymana,35.9214,64.7836,31.25,23,0,3.58,AF,1689836997
69,port alfred,-33.5906,26.891,13.200000000000045,59,83,6.41,ZA,1689836997
70,la ronge,55.1001,-105.2842,16.02000000000004,71,99,1.58,CA,1689836997
71,sisimiut,66.9395,-53.6735,6.8799999999999955,98,100,1.4,GL,1689836998
72,yigo village,13.5361,144.8886,30.410000000000025,69,0,3.09,GU,1689836998
73,college,64.8569,-147.8028,19.480000000000018,89,75,1.54,US,1689836998
74,thetford-mines,46.0937,-71.3054,13.060000000000002,96,98,1.09,CA,1689836715
75,larache,35.1932,-6.1557,22.670000000000016,78,18,3.85,MA,1689836999
76,nelson,-41.2833,173.2833,9.080000000000041,84,100,2.45,NZ,1689836999
77,mosjoen,65.836,13.1908,14.29000000000002,72,20,0.0,NO,1689836999
78,puerto ayora,-0.7393,-90.3518,24.75,98,58,2.68,EC,1689836999
79,sovetskaya gavan',48.9723,140.2878,21.430000000000007,82,32,3.05,RU,1689837000
80,malango,-2.9627,119.9001,23.79000000000002,90,76,1.52,ID,1689837000
81,ahmedabad,23.0333,72.6167,33.02000000000004,75,40,1.03,IN,1689836939
82,realeza,-25.7689,-53.5325,13.720000000000027,85,61,3.72,BR,1689837000
83,fernley,39.608,-119.2518,25.370000000000005,24,2,2.0,US,1689836736
84,newton,42.337,-71.2092,21.25,87,0,0.45,US,1689836856
85,mount pearl,47.5166,-52.7813,22.470000000000027,95,99,2.24,CA,1689837001
86,camalu,30.85,-116.0667,19.910000000000025,83,3,2.76,MX,1689836771
87,tiksi,71.6872,128.8694,11.75,39,47,6.53,RU,1689837002
88,notse,6.95,1.1667,24.160000000000025,93,46,2.36,TG,1689837002
89,rafaela,-31.2503,-61.4867,6.110000000000014,69,32,0.89,AR,1689837002
90,haiku-pauwela,20.9219,-156.3051,25.02000000000004,86,40,6.69,US,1689837003
91,port blair,11.6667,92.75,31.02000000000004,70,75,7.72,IN,1689837003
92,enewetak,11.3474,162.3373,28.480000000000018,78,88,5.0,MH,1689837003
93,ust-nera,64.5667,143.2,27.689999999999998,36,25,2.04,RU,1689837003
94,margaret river,-33.95,115.0667,15.230000000000018,69,78,8.23,AU,1689837004
95,howrah,22.5892,88.3103,32.27000000000004,79,75,4.63,IN,1689836831
96,san luis de la loma,17.2706,-100.8939,26.900000000000034,86,100,1.38,MX,1689837004
97,punta arenas,-53.15,-70.9167,2.5100000000000477,91,98,3.12,CL,1689836750
98,mansa,29.9833,75.3833,38.55000000000001,38,11,1.63,IN,1689837004
99,nizhniy odes,63.6445,54.856,18.980000000000018,80,100,4.46,RU,1689837005
100,twon-brass,4.3151,6.2418,26.02000000000004,86,100,6.6,NG,1689837005
101,pacific grove,36.6177,-121.9166,14.010000000000048,93,100,2.57,US,1689837006
102,puerto natales,-51.7236,-72.4875,1.75,97,100,0.96,CL,1689837006
103,betong,5.7743,101.0723,25.77000000000004,91,100,1.21,TH,1689836956
104,hithadhoo,-0.6,73.0833,28.32000000000005,75,18,7.54,MV,1689837006
105,nova sintra,14.8667,-24.7167,22.950000000000045,83,82,3.74,CV,1689837007
106,nyurba,63.2842,118.3319,25.950000000000045,38,38,3.06,RU,1689837007
107,utrik,11.2278,169.8474,28.420000000000016,78,100,7.82,MH,1689837007
108,baskale,38.0453,44.0172,22.430000000000007,30,0,2.04,TR,1689837008
109,hinthada,17.6333,95.4667,30.939999999999998,63,77,7.11,MM,1689837008
110,machiques,10.0644,-72.545,25.82000000000005,75,6,1.52,VE,1689837008
111,kapuskasing,49.4169,-82.4331,14.610000000000014,78,100,1.77,CA,1689837008
112,flying fish cove,-10.4217,105.6791,25.82000000000005,73,75,7.2,CX,1689837009
113,lebu,-37.6167,-73.65,12.860000000000014,92,100,8.26,CL,1689837009
114,porto novo,6.4965,2.6036,25.57000000000005,87,88,3.15,BJ,1689837010
115,badger,64.8,-147.5333,19.430000000000007,89,100,1.54,US,1689837010
116,bredasdorp,-34.5322,20.0403,9.75,70,100,1.69,ZA,1689837011
117,katsuura,35.1333,140.3,30.010000000000048,78,11,5.91,JP,1689837011
118,jayapura,-2.5333,140.7,24.660000000000025,79,35,3.79,ID,1689837011
119,puerto lempira,15.2667,-83.7667,26.660000000000025,89,100,4.28,HN,1689837012
120,uliastay,47.7417,96.8444,26.590000000000032,22,14,1.91,MN,1689837012
121,kintinku,-5.8833,35.2333,23.900000000000034,45,55,1.95,TZ,1689837012
122,loiza,18.4313,-65.8802,28.410000000000025,85,40,2.57,PR,1689837012
123,vernon,50.2581,-119.2691,22.74000000000001,43,22,3.09,CA,1689836775
124,viedma,-40.8135,-62.9967,8.310000000000002,57,0,8.65,AR,1689837013
125,nantucket,41.2835,-70.0995,23.03000000000003,82,11,4.15,US,1689836965
126,muli,2.9167,73.5667,28.420000000000016,73,28,4.25,MV,1689837013
127,labrador city,52.9463,-66.9114,10.129999999999995,83,92,3.92,CA,1689837014
128,tevriz,57.509,72.4042,26.189999999999998,51,36,2.58,RU,1689837014
129,saint-leu,-21.15,55.2833,25.480000000000018,84,1,1.12,RE,1689837014
130,knyaze-volkonskoye,48.4642,135.4567,31.189999999999998,38,30,5.02,RU,1689837015
131,pumiao,22.75,108.4833,31.77000000000004,67,100,4.45,CN,1689837015
132,bilibino,68.0546,166.4372,14.560000000000002,79,100,2.02,RU,1689837015
133,uturoa,-16.7333,-151.4333,25.170000000000016,65,100,9.09,PF,1689837015
134,milton keynes,52.0417,-0.7558,15.900000000000034,84,0,2.68,GB,1689837016
135,vanimo,-2.6741,141.3028,28.25,75,43,4.06,PG,1689837016
136,tingo maria,-9.2895,-76.0088,18.939999999999998,96,12,0.84,PE,1689837016
137,myitkyina,25.3833,97.4,26.53000000000003,94,100,0.98,MM,1689836892
138,olonkinbyen,70.9221,-8.7187,5.25,87,100,2.44,SJ,1689837017
139,kidal,18.4411,1.4078,33.18000000000001,32,42,5.67,ML,1689837017
140,tubarjal,30.4999,38.216,34.0,13,0,8.26,SA,1689837017
141,vilyuchinsk,52.9306,158.4028,16.150000000000034,91,85,2.69,RU,1689837017
142,ulladulla,-35.35,150.4667,15.360000000000014,32,100,5.64,AU,1689837018
143,anadyr,64.75,177.4833,15.28000000000003,82,75,4.0,RU,1689837018
144,karatuzskoye,53.6072,92.8667,29.930000000000007,29,28,1.58,RU,1689837018
145,pemangkat,1.1667,108.9667,28.980000000000018,74,100,4.46,ID,1689837018
146,st. john's,47.5649,-52.7093,22.930000000000007,95,75,4.12,CA,1689836723
147,tofol,5.3248,163.0078,27.99000000000001,78,100,5.03,FM,1689837019
148,bandar-e genaveh,29.5791,50.517,38.84000000000003,29,0,7.63,IR,1689837019
149,aasiaat,68.7098,-52.8699,4.1200000000000045,99,100,6.08,GL,1689837019
150,selfoss,63.9331,-20.9971,12.25,73,100,2.14,IS,1689837020
151,cabo san lucas,22.8909,-109.9124,33.120000000000005,63,33,3.13,MX,1689836843
152,la'ie,21.6477,-157.9253,27.980000000000018,82,100,3.13,US,1689837020
153,hawaiian paradise park,19.5933,-154.9731,24.730000000000018,97,100,1.54,US,1689837020
154,kailua-kona,19.6406,-155.9956,29.220000000000027,91,100,5.14,US,1689837021
155,santa marta de ortigueira,43.6833,-7.85,17.360000000000014,86,92,0.94,ES,1689837021
156,fort mcmurray,56.7268,-111.381,13.629999999999995,94,24,1.1,CA,1689837021
157,palapye,-22.546,27.1251,14.860000000000014,65,0,8.65,BW,1689837021
158,nabire,-3.3667,135.4833,28.840000000000032,75,85,1.67,ID,1689837022
159,longyearbyen,78.2186,15.6401,10.910000000000025,71,0,4.12,SJ,1689837022
160,belfast,54.5833,-5.9333,13.54000000000002,77,77,1.54,GB,1689836984
161,afaahiti,-17.75,-149.2833,22.930000000000007,68,13,9.17,PF,1689837022
162,la foa,-21.7108,165.8276,20.010000000000048,68,84,5.88,NC,1689837023
163,saldanha,-33.0117,17.9442,8.520000000000039,70,0,5.44,ZA,1689837023
164,khandyga,62.6667,135.6,27.80000000000001,38,37,0.31,RU,1689837023
165,tortosa,40.8125,0.5216,26.25,59,0,1.16,ES,1689836800
166,ankang,32.68,109.0172,34.210000000000036,51,83,0.66,CN,1689837024
167,usinsk,65.9939,57.5281,25.730000000000018,48,89,1.14,RU,1689836728
168,bethel,41.3712,-73.414,20.930000000000007,89,0,0.0,US,1689837024
169,kirensk,57.7853,108.1119,22.650000000000034,53,92,0.12,RU,1689837025
170,rio gallegos,-51.6226,-69.2181,2.8799999999999955,45,100,3.56,AR,1689837025
171,waltershausen,50.9,10.5667,18.150000000000034,85,35,3.52,DE,1689837025
172,sitka,57.0531,-135.33,13.939999999999998,82,75,0.0,US,1689837025
173,daru,-9.0763,143.2092,25.879999999999995,73,85,4.93,PG,1689837026
174,tarauaca,-8.1614,-70.7656,22.310000000000002,84,45,1.24,BR,1689836891
175,abashiri,44.0213,144.2697,18.390000000000043,86,7,2.19,JP,1689837026
176,bridgewater,44.3835,-64.5155,19.260000000000048,99,100,1.1,CA,1689837026
177,mana,5.6592,-53.7767,24.260000000000048,91,25,2.92,GF,1689837026
178,sinabang,2.4803,96.3801,26.390000000000043,81,100,1.41,ID,1689837027
179,pisco,-13.7,-76.2167,20.03000000000003,73,100,2.06,PE,1689837027
180,al qadarif,14.0349,35.3834,29.75,50,22,7.57,SD,1689837027
181,wailua homesteads,22.0669,-159.378,27.24000000000001,88,100,8.75,US,1689837028
182,geraldton,-28.7667,114.6,17.230000000000018,55,75,4.12,AU,1689837028
183,champerico,14.3,-91.9167,27.150000000000034,84,10,3.95,GT,1689837028
184,east london,-33.0153,27.9116,10.520000000000039,76,75,3.6,ZA,1689837028
185,tsiombe,-25.3,45.4833,23.350000000000023,64,55,2.63,MG,1689837029
186,mildura,-34.2,142.15,14.480000000000018,72,100,4.67,AU,1689837029
187,arvayheer,46.2639,102.775,22.07000000000005,34,26,1.45,MN,1689837029
188,kourou,5.1552,-52.6478,23.03000000000003,90,11,2.08,GF,1689837030
189,tamanrasset,22.785,5.5228,28.950000000000045,14,0,8.23,DZ,1689837030
190,opuwo,-18.0607,13.84,16.939999999999998,17,0,1.74,NA,1689837030
191,majene,-3.5403,118.9707,28.410000000000025,73,41,4.39,ID,1689837030
192,praia da vitoria,38.7333,-27.0667,20.980000000000018,92,100,1.79,PT,1689837031
193,qarazhal,48.0078,70.7903,29.890000000000043,25,5,7.94,KZ,1689837031
194,huilong,31.8111,121.655,27.180000000000007,92,100,6.39,CN,1689837031
195,archangelos,36.2149,28.1149,28.99000000000001,38,0,1.1,GR,1689837031
196,cove,7.221,2.3402,24.410000000000025,92,90,2.3,BJ,1689837032
197,lecheng,25.1238,113.3254,32.35000000000002,74,68,1.5,CN,1689837032
198,cidreira,-30.1811,-50.2056,15.170000000000016,78,99,9.02,BR,1689837032
199,vinales,22.6164,-83.7078,24.710000000000036,88,61,1.63,CU,1689836774
200,kisi,9.0833,3.85,22.78000000000003,94,74,3.7,NG,1689837033
201,susuman,62.7833,148.1667,24.670000000000016,45,85,2.82,RU,1689837034
202,talakag,8.2336,124.6003,26.890000000000043,85,91,1.32,PH,1689837034
203,whitby,54.4877,-0.615,15.080000000000041,77,0,1.79,GB,1689836859
204,puerto aysen,-45.4,-72.7,6.520000000000039,100,100,1.05,CL,1689837034
205,zavodoukovsk,56.5042,66.5515,24.28000000000003,58,15,2.6,RU,1689837035
206,vila franca do campo,37.7167,-25.4333,18.230000000000018,87,87,1.0,PT,1689837035
207,holualoa,19.6228,-155.9522,27.150000000000034,90,100,5.14,US,1689837035
208,sarangani,5.4033,125.4636,28.83000000000004,72,72,6.5,PH,1689837035
209,inarajan village,13.2736,144.7484,31.33000000000004,83,100,3.59,GU,1689837036
210,mawlaik,23.6333,94.4167,26.33000000000004,97,100,0.56,MM,1689837036
211,tazacorte,28.629,-17.9293,22.54000000000002,77,75,5.66,ES,1689837036
212,dudinka,69.4058,86.1778,21.52000000000004,61,88,4.91,RU,1689837036
213,am timan,11.0297,20.2827,22.49000000000001,86,100,4.26,TD,1689837037
214,ceerigaabo,10.6162,47.368,23.74000000000001,41,100,7.42,SO,1689837037
215,el dorado,38.7666,-120.5177,24.100000000000023,50,0,0.89,US,1689837037
216,cam ranh,11.9214,109.1591,31.980000000000018,70,20,5.66,VN,1689837037
217,mangrol,21.1167,70.1167,25.600000000000023,91,100,5.83,IN,1689837038
218,aykhal,66.0,111.5,20.150000000000034,42,100,7.8,RU,1689837038
219,al jawf,29.5,38.75,33.920000000000016,16,0,6.15,SA,1689837038
220,pizarro,4.9533,-77.366,26.80000000000001,90,99,2.35,CO,1689837039
221,nadym,65.5333,72.5167,28.400000000000034,45,40,5.74,RU,1689837039
222,kolonia,50.9333,6.95,18.75,77,75,3.6,DE,1689837039
223,avarua,-21.2078,-159.775,21.03000000000003,60,53,5.14,CK,1689837040
224,chabahar,25.2919,60.643,30.75,73,91,7.36,IR,1689837040
225,puerto el triunfo,13.2833,-88.55,26.82000000000005,75,53,1.77,SV,1689837040
226,kingston,17.997,-76.7936,27.360000000000014,77,82,0.45,JM,1689836975
227,antsiranana,-12.2787,49.2917,28.24000000000001,61,68,7.77,MG,1689836838
228,waddan,29.1614,16.139,29.970000000000027,38,0,2.8,LY,1689837041
229,shibetsu,43.659,145.132,16.560000000000002,88,88,3.08,JP,1689837041
230,zubin potok,42.9144,20.6897,25.700000000000045,63,57,0.94,XK,1689837041
231,axim,4.8699,-2.2405,24.900000000000034,88,57,3.72,GH,1689837041
232,kongolo,-5.3833,27.0,29.590000000000032,31,42,2.43,CD,1689837042
233,crane,31.3974,-102.3501,30.110000000000014,26,85,8.33,US,1689837042
234,juneau,58.3019,-134.4197,14.560000000000002,98,75,2.57,US,1689837042
235,urazovo,50.0836,38.0395,21.970000000000027,52,4,3.07,RU,1689837043
236,dingcheng,32.1272,115.0394,29.310000000000002,76,100,2.11,CN,1689837043
237,umluj,25.0213,37.2685,34.920000000000016,35,0,4.35,SA,1689837043
238,panorama,40.5878,23.0315,32.660000000000025,52,0,3.09,GR,1689837043
239,shizunai-furukawacho,42.3339,142.3669,19.470000000000027,89,86,2.29,JP,1689837044
240,jiangyou,31.7667,104.7167,27.920000000000016,77,100,0.5,CN,1689837044
241,kupang,-10.1667,123.5833,27.870000000000005,64,63,5.86,ID,1689837044
242,extrema,-22.8547,-46.3183,13.450000000000045,92,83,2.32,BR,1689837044
243,carnarvon,-24.8667,113.6333,19.52000000000004,31,0,7.74,AU,1689837044
244,macapa,0.0389,-51.0664,25.99000000000001,94,0,4.63,BR,1689837045
245,warrnambool,-38.3833,142.4833,11.360000000000014,76,76,9.2,AU,1689837045
246,bam,29.106,58.357,39.30000000000001,9,32,5.88,IR,1689837045
247,tacherting,48.0833,12.5667,17.840000000000032,92,100,3.21,DE,1689836796
248,orange farm,-26.4833,27.8667,10.75,65,1,7.12,ZA,1689837046
249,gadzhiyevo,69.2551,33.3362,10.730000000000018,93,100,10.02,RU,1689837046
250,klyuchi,52.2667,79.1667,33.32000000000005,23,18,4.89,RU,1689837046
251,fort bragg,35.139,-79.006,25.75,95,100,1.54,US,1689836850
252,ancud,-41.8697,-73.8203,11.720000000000027,93,100,5.4,CL,1689837047
253,kayangel,8.0823,134.7173,28.870000000000005,79,91,10.67,PW,1689837047
254,kununurra,-15.7667,128.7333,29.99000000000001,25,93,4.12,AU,1689837047
255,zaozersk,69.4005,32.4476,10.140000000000043,96,100,9.45,RU,1689837048
256,tuxpan,19.55,-103.4,18.30000000000001,92,61,1.42,MX,1689837048
257,qaqortoq,60.7167,-46.0333,7.800000000000011,94,100,1.17,GL,1689837048
258,brisas de zicatela,15.8369,-97.0419,27.180000000000007,77,15,3.14,MX,1689837049
259,verkhnevilyuysk,63.4453,120.3167,23.670000000000016,57,61,1.8,RU,1689837049
260,ittre,50.644,4.2648,17.410000000000025,80,13,1.44,BE,1689837049
261,magadan,59.5667,150.8,25.850000000000023,74,95,3.51,RU,1689837049
262,galle,6.0367,80.217,27.939999999999998,82,94,6.91,LK,1689837000
263,lompoc,34.6391,-120.4579,14.180000000000007,95,100,2.57,US,1689837050
264,alliance,40.9153,-81.1059,19.78000000000003,87,100,2.43,US,1689837050
265,kavaratti,10.5669,72.642,28.25,81,95,8.73,IN,1689837050
266,atafu village,-8.5421,-172.5159,28.74000000000001,77,16,6.67,TK,1689837051
267,vorgashor,67.5833,63.95,24.99000000000001,53,38,4.21,RU,1689837051
268,hasaki,35.7333,140.8333,31.27000000000004,77,1,4.9,JP,1689837051
269,mazamari,-11.3258,-74.5308,19.980000000000018,93,64,0.51,PE,1689837051
270,novodvinsk,64.4165,40.8122,24.610000000000014,51,100,2.94,RU,1689837052
271,iskateley,67.6803,53.1512,20.03000000000003,61,100,7.98,RU,1689837052
272,trinity beach,-16.7888,145.6968,26.120000000000005,61,40,5.66,AU,1689837052
273,yanchep,-31.55,115.6833,17.010000000000048,63,95,4.57,AU,1689837052
274,maryborough,-25.5333,152.7,18.510000000000048,57,0,2.21,AU,1689837053
275,ola,59.5833,151.2833,26.189999999999998,82,99,3.78,RU,1689837053
276,essaouira,31.5125,-9.77,22.720000000000027,88,1,3.6,MA,1689837053
277,rikaze,29.25,88.8833,22.57000000000005,31,2,1.0,CN,1689837053
278,olyokminsk,60.3736,120.4264,17.980000000000018,66,97,1.91,RU,1689837054
279,stanley,54.868,-1.6985,14.330000000000041,88,40,4.12,GB,1689836837
280,solleftea,63.1667,17.2667,16.920000000000016,60,68,2.77,SE,1689837054
281,hami,42.8,93.45,38.879999999999995,8,0,1.56,CN,1689837054
282,ust'-ilimsk,58.0006,102.6619,28.100000000000023,24,11,2.2,RU,1689837055
283,chulym,55.0997,80.9572,18.110000000000014,93,100,0.82,RU,1689837055
284,codrington,-38.2667,141.9667,10.240000000000009,78,6,7.61,AU,1689837055
285,robbah,33.2797,6.9098,36.68000000000001,12,0,4.64,DZ,1689837055
286,mar del plata,-38.0023,-57.5575,7.830000000000041,84,96,3.58,AR,1689837056
287,international falls,48.6011,-93.411,17.100000000000023,88,40,3.6,US,1689837056
288,woodstock,43.1334,-80.7497,17.82000000000005,83,8,1.27,CA,1689837057
289,gotzis,47.3331,9.6331,21.400000000000034,73,75,2.24,AT,1689837057
290,thompson,55.7435,-97.8558,13.670000000000016,94,13,1.05,CA,1689837057
291,shimoda,34.6667,138.95,26.170000000000016,81,61,4.78,JP,1689837057
292,san antonio de pale,-1.4014,5.6325,23.670000000000016,81,88,4.55,GQ,1689837058
293,ryotsu-minato,38.0833,138.4333,23.420000000000016,83,62,2.7,JP,1689837058
294,remire-montjoly,4.9167,-52.2667,23.02000000000004,100,0,0.0,GF,1689837058
295,margate,51.3813,1.3862,17.610000000000014,87,91,0.89,GB,1689837059
296,marat,25.0701,45.4615,41.53000000000003,6,75,2.94,SA,1689837059
297,trinidad,-14.8333,-64.9,16.129999999999995,63,0,1.61,BO,1689837059
298,tolanaro,-25.0319,46.9987,23.910000000000025,57,0,1.48,MG,1689837059
299,savannakhet,16.566,104.751,30.53000000000003,71,100,1.43,LA,1689837060
300,nagqu,31.5,92.0,16.28000000000003,29,100,4.13,CN,1689837060
301,bousso,10.4795,16.7117,23.80000000000001,87,100,4.82,TD,1689837060
302,gobabis,-22.45,18.9667,9.620000000000005,42,0,3.84,NA,1689837060
303,yakutsk,62.0339,129.7331,14.980000000000018,87,40,2.0,RU,1689836979
304,el granada,37.5027,-122.4694,16.560000000000002,90,100,3.6,US,1689836845
305,horsham,51.064,-0.3272,17.620000000000005,77,0,2.57,GB,1689837061
306,kirakira,-10.4544,161.9205,27.32000000000005,87,100,1.16,SB,1689837061
307,leninskoye,41.7589,69.3864,35.660000000000025,19,0,5.54,KZ,1689837062
308,rio grande,-32.035,-52.0986,11.640000000000043,79,100,8.03,BR,1689837062
309,dazhou,31.2159,107.5009,29.140000000000043,75,100,1.87,CN,1689837062
310,prado,-17.3411,-39.2208,20.78000000000003,87,29,2.25,BR,1689837062
311,pandan,14.0453,124.1694,29.629999999999995,73,100,3.82,PH,1689837063
312,goalpara,26.1667,90.6167,34.610000000000014,61,91,1.45,IN,1689837063
313,tegueste,28.5167,-16.3167,20.55000000000001,84,40,8.23,ES,1689837063
314,nuku'alofa,-21.1333,-175.2,22.189999999999998,78,100,5.14,TO,1689837064
315,nemuro,43.3236,145.575,15.29000000000002,85,13,3.6,JP,1689837064
316,san patricio,28.017,-97.5169,29.340000000000032,85,0,5.65,US,1689837064
317,lerwick,60.1545,-1.1494,11.0,87,100,7.28,GB,1689837064
318,malpica,43.3228,-8.8105,19.100000000000023,96,100,1.31,ES,1689837065
319,shambu,9.5667,37.1,11.420000000000016,97,100,0.7,ET,1689837065
320,zaranj,30.9667,61.8833,39.09000000000003,14,33,7.8,AF,1689837065
321,emkhomazi,-30.2067,30.7978,14.600000000000023,58,100,8.4,ZA,1689837065
322,podporozh'ye,60.9112,34.1706,17.79000000000002,67,100,3.35,RU,1689837066
323,laibin,23.7,109.2667,32.18000000000001,66,84,2.9,CN,1689837066
324,khadan khak,30.7477,67.7085,33.39000000000004,15,88,2.85,PK,1689837066
325,darwin,-12.4611,130.8418,29.99000000000001,42,0,4.63,AU,1689837066
326,minas de marcona,-15.2119,-75.1103,11.990000000000009,87,17,3.26,PE,1689837067
327,arraial do cabo,-22.9661,-42.0278,18.980000000000018,82,100,5.3,BR,1689836934
328,copiapo,-27.3667,-70.3333,9.830000000000041,21,94,1.79,CL,1689837067
329,okha,53.5739,142.9478,13.25,89,100,6.53,RU,1689837067
330,eagle mountain,40.3141,-112.0069,20.439999999999998,65,68,0.89,US,1689836949
331,nogliki,51.8333,143.1667,13.78000000000003,90,100,3.74,RU,1689837068
332,idanre,7.1127,5.1159,23.220000000000027,92,93,1.72,NG,1689837068
333,cockburn town,21.4612,-71.1419,27.730000000000018,86,14,9.75,TC,1689837014
334,vadso,70.0744,29.7487,10.490000000000009,87,75,10.29,NO,1689837069
335,petropavlovsk-kamchatsky,53.0452,158.6483,15.330000000000041,82,20,7.0,RU,1689837069
336,santiago de cao,-7.9589,-79.2392,21.07000000000005,88,100,2.06,PE,1689837069
337,touros,-5.1989,-35.4608,22.58000000000004,85,20,6.44,BR,1689836864
338,grand falls-windsor,48.9332,-55.6649,21.950000000000045,90,100,0.45,CA,1689837070
339,ranau,5.9538,116.6641,25.340000000000032,90,100,1.4,MY,1689837070
340,shiozawa,37.0333,138.85,25.620000000000005,76,61,2.28,JP,1689837070
341,vila do maio,15.1333,-23.2167,25.439999999999998,82,61,2.6,CV,1689837070
342,barmer,25.75,71.3833,34.620000000000005,48,83,1.11,IN,1689837070
343,basoko,1.2391,23.616,26.120000000000005,74,99,1.63,CD,1689837071
344,luau,-10.7073,22.2247,22.58000000000004,27,5,2.08,AO,1689837071
345,huntington beach,33.6603,-117.9992,25.54000000000002,78,0,3.09,US,1689836917
346,dondo,-19.6094,34.7431,20.730000000000018,65,0,1.13,MZ,1689837071
347,afif,23.9065,42.9172,37.19,9,83,8.47,SA,1689837072
348,north bend,43.4065,-124.2243,16.810000000000002,94,100,1.54,US,1689837072
349,huarmey,-10.0681,-78.1522,19.27000000000004,86,80,2.81,PE,1689837072
350,olinda,-8.0089,-34.8553,24.850000000000023,69,40,7.2,BR,1689837072
351,moyale,3.5167,39.0584,21.49000000000001,55,100,7.15,KE,1689837073
352,ayr,55.4627,-4.6339,13.510000000000048,82,20,3.6,GB,1689837073
353,laguna,38.421,-121.4238,24.689999999999998,65,0,2.57,US,1689837073
354,bratsk,56.1325,101.6142,25.27000000000004,32,0,2.72,RU,1689837074
355,berezovyy,51.6667,135.7,33.210000000000036,30,70,1.97,RU,1689837074
356,jamsa,61.8642,25.19,17.30000000000001,60,96,1.02,FI,1689837074
357,sale,34.0389,-6.8166,23.379999999999995,94,40,1.54,MA,1689837074
358,lensk,60.7253,114.9278,20.650000000000034,66,93,3.39,RU,1689837075
359,jamaame,0.0697,42.745,28.590000000000032,61,94,7.69,SO,1689837075
360,zaragoza,41.6561,-0.8773,20.810000000000002,59,0,6.69,ES,1689836898
361,dellys,36.9172,3.9131,29.05000000000001,57,2,1.28,DZ,1689837075
362,shumikha,55.2261,63.2961,24.960000000000036,48,99,4.17,RU,1689837076
363,rosetta,31.4044,30.4164,28.180000000000007,59,0,2.63,EG,1689837076
364,anandnagar,27.1,83.2833,37.52000000000004,46,6,3.86,IN,1689837076
365,midar,34.9403,-3.5331,27.650000000000034,29,4,0.07,MA,1689837076
366,puerto baquerizo moreno,-0.9,-89.6,25.090000000000032,82,74,4.07,EC,1689837076
367,jimo,36.3897,120.4622,31.100000000000023,42,3,4.59,CN,1689837077
368,i-n-salah,27.1935,2.4607,34.76000000000005,12,0,5.02,DZ,1689837077
369,nasiriyah,31.0521,46.261,43.26000000000005,5,0,7.17,IQ,1689837077
370,ammi moussa,35.8678,1.1114,35.210000000000036,19,15,1.02,DZ,1689837077
371,taltal,-25.4,-70.4833,16.390000000000043,71,98,1.09,CL,1689837078
372,dzuunmod,48.2199,97.3744,25.189999999999998,23,99,2.58,MN,1689837078
373,farafangana,-22.8167,47.8333,22.700000000000045,75,3,2.83,MG,1689837078
374,coquimbo,-29.9533,-71.3436,12.850000000000023,100,100,1.03,CL,1689837079
375,nizhnyaya omka,55.4338,74.9426,29.480000000000018,37,12,3.17,RU,1689837079
376,miquelon,47.0975,-56.3814,17.0,100,100,6.52,PM,1689837079
377,harnai,30.1005,67.9374,34.59000000000003,41,56,4.08,PK,1689837079
378,nieves,15.3274,120.9485,35.73000000000002,51,96,1.65,PH,1689837080
379,severo-yeniseyskiy,60.3725,93.0408,26.25,27,80,1.9,RU,1689837080
380,cooper's town,26.8667,-77.5167,29.360000000000014,76,100,6.54,BS,1689837076
381,massenya,11.4039,16.1705,24.860000000000014,80,78,7.81,TD,1689837080
382,kodiak,57.79,-152.4072,10.730000000000018,100,100,2.06,US,1689836868
383,port mathurin,-19.6833,63.4167,23.450000000000045,68,5,8.93,MU,1689837081
384,dawson creek,55.7666,-120.2362,9.800000000000011,93,0,1.54,CA,1689837081
385,potosi,-19.5836,-65.7531,3.8500000000000227,25,0,1.22,BO,1689837081
386,yuzhno-kurilsk,44.0306,145.8556,15.879999999999995,84,36,2.47,RU,1689837082
387,angaur state,6.906,134.13,28.640000000000043,78,21,9.59,PW,1689837082
388,necochea,-38.5473,-58.7368,8.010000000000048,66,100,7.62,AR,1689837082
389,campamento,14.55,-86.65,19.890000000000043,98,92,0.48,HN,1689837082
390,walvis bay,-22.9575,14.5053,12.270000000000039,80,0,2.72,NA,1689837083
391,san pedro de ycuamandiyu,-24.0917,-57.0764,16.0,82,43,1.46,PY,1689837083
392,beyneu,45.3167,55.2,32.10000000000002,23,1,6.36,KZ,1689837083
393,berdigestyakh,62.0989,126.6992,12.54000000000002,95,100,1.13,RU,1689837083
394,camara de lobos,32.6333,-16.9667,21.350000000000023,83,75,4.12,PT,1689837084
395,whitecourt,54.1502,-115.6855,12.879999999999995,80,7,0.84,CA,1689837084
396,lincoln city,44.9582,-124.0179,15.54000000000002,94,75,4.02,US,1689837084
397,vila velha,-20.3297,-40.2925,20.970000000000027,97,100,3.6,BR,1689837084
398,rasony,55.9089,28.8126,17.170000000000016,55,10,4.17,BY,1689837085
399,ulsteinvik,62.3432,5.8487,13.28000000000003,91,100,0.45,NO,1689837085
400,aitape,-3.1374,142.3475,28.410000000000025,75,79,3.79,PG,1689837085
401,kapa'a,22.0752,-159.319,27.99000000000001,88,100,8.75,US,1689837085
402,bismarck,46.8083,-100.7837,16.910000000000025,88,0,3.6,US,1689837086
403,korsakov,46.6328,142.7813,17.910000000000025,88,5,4.82,RU,1689837086
404,novyy urgal,51.0736,132.5642,34.200000000000045,24,97,4.54,RU,1689837086
405,rongelap,11.1635,166.8941,28.27000000000004,78,100,10.08,MH,1689837086
406,broken hill,-31.95,141.4333,18.129999999999995,40,20,6.71,AU,1689837086
407,port lincoln,-34.7333,135.8667,12.910000000000025,55,36,8.15,AU,1689837087
408,brookings,44.3114,-96.7984,18.54000000000002,86,0,3.6,US,1689837087
409,ziniare,12.5822,-1.2983,26.02000000000004,70,100,6.11,BF,1689837087
410,nuuk,64.1835,-51.7216,9.340000000000032,100,100,6.69,GL,1689837068
411,alesund,62.4723,6.1549,13.28000000000003,87,75,2.57,NO,1689837088
412,saipan,15.1355,145.701,31.390000000000043,100,20,4.12,MP,1689837088
413,nyagan,62.1406,65.3936,19.230000000000018,84,99,2.41,RU,1689837088
414,ingeniero jacobacci,-41.3427,-69.5448,2.3799999999999955,97,100,0.7,AR,1689837088
415,chernyshevskiy,63.0128,112.4714,21.80000000000001,52,100,2.26,RU,1689837089
416,anloga,5.7947,0.8973,25.78000000000003,86,74,5.36,GH,1689837089
417,inda silase,14.1031,38.2829,21.980000000000018,58,87,2.03,ET,1689837089
418,villa de costa rica,24.5875,-107.3875,27.730000000000018,75,75,0.74,MX,1689837089
419,tyumen,57.1522,65.5272,24.08000000000004,60,0,3.0,RU,1689837090
420,bandarbeyla,9.4942,50.8122,29.640000000000043,49,100,13.41,SO,1689837090
421,rakhiv,48.0526,24.2009,21.650000000000034,82,47,1.35,UA,1689837090
422,constantia,44.1833,28.65,30.390000000000043,52,47,3.22,RO,1689837090
423,penzance,50.1186,-5.5371,15.620000000000005,82,20,1.03,GB,1689837091
424,sabang,5.8933,95.3214,29.160000000000025,76,68,11.89,ID,1689837091
425,pangkalanbuun,-2.6833,111.6167,25.470000000000027,95,99,1.87,ID,1689837091
426,rostovka,55.3842,71.8891,28.439999999999998,37,35,4.19,RU,1689837091
427,tahe,52.3333,124.7333,26.340000000000032,28,0,4.45,CN,1689837091
428,bayanhongor,46.7167,100.1167,20.75,28,6,2.16,MN,1689837092
429,bereket,39.2446,55.5154,34.360000000000014,18,0,5.09,TM,1689837092
430,sungai penuh,-2.0833,101.3833,21.05000000000001,95,100,0.94,ID,1689837092
431,laurel,39.0993,-76.8483,23.760000000000048,93,0,1.54,US,1689837092
432,zhangye,38.9342,100.4517,30.960000000000036,15,48,9.07,CN,1689837093
433,kuvshinovo,57.0295,34.1725,17.420000000000016,52,99,5.36,RU,1689837093
434,new norfolk,-42.7826,147.0587,11.720000000000027,72,88,3.68,AU,1689837093
435,geneina,13.45,22.45,25.79000000000002,61,100,3.8,SD,1689837094
436,gisborne,-38.6533,178.0042,11.470000000000027,85,100,1.04,NZ,1689836884
437,udumalaippettai,10.5833,77.25,31.27000000000004,43,100,10.15,IN,1689837094
438,nacaome,13.5361,-87.4875,25.670000000000016,69,8,1.73,HN,1689837094
439,chinde,26.8418,88.0763,25.810000000000002,73,79,2.06,NP,1689837094
440,carbonear,47.7332,-53.2148,23.189999999999998,96,100,3.74,CA,1689837095
441,la paz,-16.5,-68.15,4.760000000000048,79,20,3.09,BO,1689836911
442,greymouth,-42.4667,171.2,8.170000000000016,84,100,6.14,NZ,1689836962
443,khovd,48.0056,91.6419,32.07000000000005,13,6,2.06,MN,1689837095
444,kuching,1.55,110.3333,31.120000000000005,68,40,2.68,MY,1689837096
445,frutal,-20.0247,-48.9406,17.760000000000048,76,10,3.52,BR,1689837096
446,akureyri,65.6835,-18.0878,5.960000000000036,87,100,0.0,IS,1689837096
447,katsuren-haebaru,26.3369,127.8719,31.010000000000048,60,40,1.54,JP,1689837096
448,nizhneudinsk,54.9076,99.0276,24.07000000000005,45,83,4.03,RU,1689837097
449,city of balikpapan,-1.242,116.8942,29.970000000000027,79,40,2.06,ID,1689837097
450,jijel,36.8205,5.7667,27.970000000000027,42,20,1.54,DZ,1689837097
451,boguchany,58.3814,97.4531,29.180000000000007,23,5,2.72,RU,1689837097
452,savanna-la-mar,18.219,-78.1332,25.52000000000004,86,22,2.07,JM,1689837097
453,faya-largeau,17.9257,19.1043,30.760000000000048,51,41,9.87,TD,1689837098
454,smara,26.7384,-11.6719,21.390000000000043,75,8,6.33,EH,1689837098
455,melfort,52.8667,-104.6177,15.07000000000005,77,7,3.6,CA,1689837098
456,kamina,-8.7386,24.9906,24.410000000000025,30,23,1.89,CD,1689837098
457,thinadhoo,0.5333,72.9333,27.879999999999995,77,100,4.85,MV,1689837099
458,byron bay,-28.65,153.6167,14.689999999999998,63,0,3.14,AU,1689836615
459,hassi messaoud,31.6804,6.0729,35.920000000000016,12,0,0.51,DZ,1689837099
460,island harbour,50.724,-1.2758,17.879999999999995,83,86,1.34,GB,1689837099
461,padang,-0.9492,100.3543,24.55000000000001,96,100,3.49,ID,1689836882
462,santa marta,11.2408,-74.199,29.939999999999998,71,91,3.58,CO,1689836873
463,cinarcik,40.6412,29.146,28.879999999999995,52,0,2.65,TR,1689837100
464,mongu,-15.2484,23.1274,19.420000000000016,28,0,4.08,ZM,1689837100
465,copala,16.65,-98.9833,26.5,81,90,2.33,MX,1689837101
466,waterloo,43.4668,-80.5164,18.140000000000043,96,0,0.0,CA,1689837101
467,ixtapa,20.7,-105.2,25.400000000000034,90,93,0.57,MX,1689837102
468,swakopmund,-22.6833,14.5333,12.450000000000045,82,0,2.97,NA,1689837102
469,kurmuk,10.55,34.2833,22.980000000000018,89,100,1.38,SD,1689837102
470,san julian,21.0167,-102.1667,14.550000000000011,80,100,2.76,MX,1689837102
471,gympie,-26.1898,152.665,17.28000000000003,58,0,1.11,AU,1689837103
472,witu,-2.3889,40.4382,28.090000000000032,62,64,6.97,KE,1689837103
473,tralee,52.2704,-9.7026,13.430000000000007,84,61,2.72,IE,1689837103
474,callao,-12.0667,-77.15,21.160000000000025,73,100,3.6,PE,1689837103
475,baruun-urt,46.6806,113.2792,23.28000000000003,50,100,7.45,MN,1689837104
476,usogorsk,63.4106,48.6872,18.30000000000001,91,100,3.39,RU,1689837104
477,kampong thom,12.7111,104.8887,28.55000000000001,71,100,4.94,KH,1689837105
478,camocim,-2.9022,-40.8411,24.29000000000002,80,0,6.3,BR,1689837105
479,phang nga,8.4509,98.5298,32.02000000000004,84,91,3.98,TH,1689837105
480,taoudenni,22.6783,-3.9836,35.620000000000005,9,0,5.43,ML,1689837106
481,saint-pierre,-21.3393,55.4781,25.82000000000005,65,0,4.12,RE,1689837106
482,buka,40.8108,69.1986,37.10000000000002,16,0,3.21,UZ,1689837106
483,pavlodar,52.3,76.95,25.890000000000043,44,40,10.0,KZ,1689837106
484,weno,7.4515,151.8468,30.970000000000027,74,100,3.6,FM,1689837107
485,talakan,50.3167,130.3667,29.939999999999998,52,98,1.95,RU,1689837107
486,shijiang,27.0819,110.7933,32.960000000000036,63,67,1.57,CN,1689837107
487,bani suwayf,29.0744,31.0979,34.25,25,0,1.17,EG,1689837107
488,araguaina,-7.1911,-48.2072,20.480000000000018,38,0,2.2,BR,1689836901
489,san marcos,33.1434,-117.1661,24.920000000000016,84,0,1.54,US,1689837108
490,alofi,-19.0595,-169.9187,23.560000000000002,65,63,9.74,NU,1689837108
491,fortuna foothills,32.6578,-114.4119,36.05000000000001,35,0,3.6,US,1689837108
492,andergrove,-21.0833,149.1833,21.470000000000027,68,83,5.13,AU,1689837109
493,villanueva de cordoba,38.3228,-4.6287,25.710000000000036,25,6,0.73,ES,1689837109
494,segamat,2.5148,102.8158,25.129999999999995,93,100,1.73,MY,1689837109
495,lata,40.1629,-8.3327,19.340000000000032,88,95,1.91,PT,1689837109
496,wodonga,-36.1167,146.8833,10.150000000000034,100,43,1.63,AU,1689836911
497,mantua,45.1667,10.7833,25.590000000000032,83,42,0.89,IT,1689837110
498,kargasok,59.0556,80.8572,26.54000000000002,40,57,6.21,RU,1689837110
499,paragominas,-2.9667,-47.4833,20.970000000000027,92,0,0.75,BR,1689837111
500,mabaruma,8.2,-59.7833,22.689999999999998,99,89,0.99,GY,1689837111
501,oamaru,-45.0784,170.9801,5.770000000000039,90,100,2.69,NZ,1689837111
502,colonia,50.9333,6.95,18.75,77,75,3.6,DE,1689837070
503,talavera,15.6167,120.9333,33.60000000000002,54,82,1.21,PH,1689837111
504,al mijlad,11.0333,27.7333,28.720000000000027,51,100,3.56,SD,1689837112
505,ormara,25.2088,64.6357,28.24000000000001,82,36,4.51,PK,1689837112
506,giddings,30.1827,-96.9364,27.79000000000002,89,100,5.14,US,1689837112
507,zouerate,22.7187,-12.4521,28.700000000000045,34,2,5.34,MR,1689837112
508,juegang,32.3174,121.1855,27.170000000000016,96,100,6.44,CN,1689837113
509,abepura,-2.6333,140.5833,24.450000000000045,88,40,0.0,ID,1689837113
510,aioun,16.6614,-9.6149,29.730000000000018,51,100,7.77,MR,1689837113
511,caxito,-8.5785,13.6643,22.120000000000005,71,53,0.41,AO,1689837113
512,portland,45.5234,-122.6762,23.99000000000001,62,0,2.57,US,1689837099
513,al wafrah,28.6392,47.9306,44.05000000000001,5,0,6.07,KW,1689837114
514,bozoum,6.3193,16.3799,22.02000000000004,89,99,1.21,CF,1689837114
515,ca mau,9.1769,105.15,24.480000000000018,93,100,5.45,VN,1689837114
516,tazovsky,67.4667,78.7,18.53000000000003,85,97,4.63,RU,1689837114
517,don luan,11.5333,106.9167,26.0,90,96,1.11,VN,1689837115
518,fort st. john,56.2499,-120.8529,16.939999999999998,67,100,2.57,CA,1689837115
519,ghat,24.9647,10.1728,31.310000000000002,19,0,0.94,LY,1689837115
520,itoman,26.1247,127.6694,31.010000000000048,74,75,3.09,JP,1689837115
521,batticaloa,7.7102,81.6924,34.99000000000001,42,56,8.47,LK,1689837116
522,veraval,20.9,70.3667,25.680000000000007,92,100,6.25,IN,1689837116
523,bel ombre,-4.6167,55.4167,25.910000000000025,89,75,6.69,SC,1689837116
524,zhaotong,27.3167,103.7167,22.480000000000018,72,96,2.84,CN,1689837117
525,katiola,8.1333,-5.1,22.379999999999995,96,81,1.92,CI,1689837117
526,ghadamis,30.1337,9.5007,32.60000000000002,22,0,4.39,LY,1689837117
527,zeytinburnu,40.9944,28.9042,29.340000000000032,48,0,2.57,TR,1689837117
528,kigonsera,-10.8,35.05,19.75,48,13,2.35,TZ,1689837118
529,tabuk,17.4189,121.4443,32.170000000000016,59,18,1.75,PH,1689837118
530,shingu,33.7333,135.9833,27.129999999999995,80,100,1.81,JP,1689837118
531,willmar,45.1219,-95.0433,19.010000000000048,77,0,4.12,US,1689837118
532,bubaque,11.2833,-15.8333,27.360000000000014,82,100,6.05,GW,1689837119
533,puerto armuelles,8.2833,-82.8667,27.27000000000004,81,14,1.79,PA,1689837119
534,montepuez,-13.1256,38.9997,25.660000000000025,42,0,3.83,MZ,1689837119
535,ridgecrest,35.6225,-117.6709,31.920000000000016,25,0,3.6,US,1689837119
536,kos,36.8933,27.2889,35.03000000000003,53,0,1.48,GR,1689837120
537,greensburg,40.3015,-79.5389,19.410000000000025,95,87,0.0,US,1689837120
538,conde,-7.2597,-34.9075,21.700000000000045,100,20,3.09,BR,1689837120
539,pangody,65.85,74.4859,28.220000000000027,44,47,6.2,RU,1689837120
540,lycksele,64.5954,18.6735,13.930000000000007,88,75,3.6,SE,1689836859
541,xiongzhou,25.1167,114.3,33.19,66,75,1.98,CN,1689837121
542,quellon,-43.1167,-73.6167,12.140000000000043,94,100,6.69,CL,1689837121
543,nasielsk,52.5889,20.8055,18.75,83,75,2.24,PL,1689837122
544,zabol,32.25,67.25,33.0,16,70,2.17,AF,1689837122
545,pingliang,35.5392,106.6861,25.060000000000002,51,100,1.62,CN,1689837122
546,yulinshi,38.2906,109.7494,30.80000000000001,35,47,4.71,CN,1689837122
547,zdvinsk,54.7021,78.661,18.939999999999998,88,92,3.42,RU,1689837123
548,mostaganem,35.9311,0.0892,30.960000000000036,43,7,0.53,DZ,1689837123
549,uacu cungo,-11.3634,15.1208,17.840000000000032,40,5,0.9,AO,1689837123
550,itambe,-15.245,-40.6244,17.27000000000004,91,97,1.45,BR,1689837124
551,keminmaa,65.8596,24.8228,15.870000000000005,88,100,3.6,FI,1689837125
552,coelho neto,-4.2567,-43.0128,21.100000000000023,80,5,1.0,BR,1689837125
553,medicine hat,50.0501,-110.6683,16.230000000000018,65,17,0.45,CA,1689836880
554,balangiga,11.1097,125.3875,28.02000000000004,82,100,1.3,PH,1689837126
555,gracias,14.5833,-88.5833,21.24000000000001,99,98,1.3,HN,1689837126
556,mugia,43.1041,-9.2179,16.620000000000005,84,96,3.9,ES,1689837126
557,nelson bay,-32.7167,152.15,17.220000000000027,71,4,2.68,AU,1689837126
558,ouro preto do oeste,-10.7481,-62.2158,19.890000000000043,69,3,1.85,BR,1689837127
559,taguatinga,-12.3857,-46.5711,21.680000000000007,38,2,5.46,BR,1689837127
560,prince rupert,54.3161,-130.3201,14.390000000000043,90,100,0.99,CA,1689836928
561,sausset-les-pins,43.3314,5.1043,27.360000000000014,47,0,7.2,FR,1689837127
562,hiratacho,35.4333,132.8167,26.33000000000004,73,95,3.54,JP,1689837128
563,fray luis beltran,-39.3167,-65.7667,8.860000000000014,62,58,6.69,AR,1689837128
564,seven pagodas,12.6264,80.1722,34.03000000000003,50,100,6.75,IN,1689837128
565,burang,30.25,81.1667,19.730000000000018,47,14,2.91,CN,1689837128
566,vail,32.0479,-110.712,31.660000000000025,30,1,0.89,US,1689837129
567,singrauli,24.1997,82.6753,34.920000000000016,45,53,4.8,IN,1689837129
568,chengde,40.9725,117.9361,37.75,19,76,5.5,CN,1689837129
569,sandnessjoen,66.0217,12.6316,14.29000000000002,88,75,1.03,NO,1689837129
570,touba,8.2833,-7.6833,21.05000000000001,98,100,2.71,CI,1689837129
571,srivardhan,18.0333,73.0167,26.510000000000048,88,100,6.01,IN,1689837130
572,tindouf,27.6711,-8.1474,30.25,13,0,4.12,DZ,1689837130
573,mirny,62.5353,113.9611,25.129999999999995,36,29,4.92,RU,1689837130
574,howard springs,-12.497,131.047,29.950000000000045,30,6,2.18,AU,1689837131
575,wajir,1.7471,40.0573,27.53000000000003,48,57,8.61,KE,1689837131
576,melioratorov,57.2107,65.6077,24.24000000000001,57,0,3.0,RU,1689837131
577,besiri,37.9184,41.2924,36.05000000000001,27,0,2.57,TR,1689837131
578,hakui,36.8833,136.7833,28.710000000000036,76,69,2.43,JP,1689837132
579,lorengau,-2.0226,147.2712,28.77000000000004,71,11,3.29,PG,1689837132
580,zhongxing,33.7039,118.6792,24.930000000000007,94,100,3.76,CN,1689837132
581,loudi,27.7344,111.9944,35.160000000000025,53,99,1.45,CN,1689837132
582,marco island,25.9363,-81.7157,27.0,89,0,5.09,US,1689837133
